source,destination,type
/index.html,/,301
/about,/what-we-do,301
/about-us,/what-we-do,301
/team,/meet-our-team,301
/staff,/meet-our-team,301
/programs,/programs-locations,301
/locations,/programs-locations,301
/mens-campus,/programs-locations/mens-campus,301
/womens-campus,/programs-locations/womens-campus,301
/womens-campus-gallery,/programs-locations/womens-campus/gallery,301
/comprehensive-approach,/faith-based-program,301
/DependancyHelp,/freedom-from-addiction-starts-here,301
/dependancy-help,/freedom-from-addiction-starts-here,301
/help-for-dependency-abuse,/freedom-from-addiction-starts-here,301
/testimonials,/testimonies,301
/recurring-donation,/donate/monthly,301
/sponsor-student,/donate-sponsor-student,301
/vehicle-donation,/vehicle-donation-program,301
/donate-a-car,/vehicle-donation-program,301
/vehicle-donation-form,/vehicle-donation-program/form,301
/freedom-classic,/golf-tournament,301
/WorkforceDevelopment,/workforce-development,301
/micro-businesses,/workforce-development,301
/volunteer,/get-involved,301
/internship,/get-involved/internship,301
/media-resources,/media,301
/intake-form,/get-help-now,301
/apply,/get-help-now,301
/terms-conditions,/terms-of-use,301
/superthrift,/thrift-store,301
